{"cameraMode":{"drawMode":0,"name":"Shaded","section":"Shading Mode"},"sceneLighting":true,"audioPlay":false,"sceneViewState":{"m_AlwaysRefresh":false,"showFog":true,"showSkybox":true,"showFlares":true,"showImageEffects":true,"showParticleSystems":true,"showVisualEffectGraphs":true,"m_FxEnabled":true},"in2DMode":false,"pivot":{"x":-1.1400001049041749,"y":1.190000295639038,"z":8.739999771118164},"rotation":{"x":-0.005643061362206936,"y":0.9873837828636169,"z":0.03615632653236389,"w":0.15407539904117585},"size":12.12435531616211,"orthographic":true}